datetime,energy_pred
2010-01-01 00:00:00,707.2010686984422
2010-01-01 06:00:00,4.201441367835969
2010-01-01 12:00:00,876.0998868068119
2010-01-01 18:00:00,446.24657270375167
2010-01-02 00:00:00,266.9626202590051
2010-01-02 06:00:00,327.0618139876808
2010-01-02 12:00:00,736.8387572908442
2010-01-02 18:00:00,1023.1651608651512
2010-01-03 00:00:00,1214.2371338606981
2010-01-03 06:00:00,912.7299089199305
2010-01-03 12:00:00,773.7926280820029
2010-01-03 18:00:00,145.9830212524156
2010-01-04 00:00:00,219.5237282280027
2010-01-04 06:00:00,634.9963978082433
2010-01-04 12:00:00,723.9334900015738
2010-01-04 18:00:00,1150.015023508748
2010-01-05 00:00:00,819.2257444762628
2010-01-05 06:00:00,416.22457607337253
2010-01-05 12:00:00,240.29088537392056
2010-01-05 18:00:00,85.83323669063009
2010-01-06 06:00:00,-15.985245999975746
2010-01-07 00:00:00,113.97334383063594
2010-01-07 06:00:00,301.8791295842169
2010-01-07 12:00:00,963.964959099623
2010-01-07 18:00:00,948.2940896019551
2010-01-08 00:00:00,573.6896849439468
2010-01-08 06:00:00,183.59987737195115
2010-01-08 12:00:00,419.5402999323301
2010-01-08 18:00:00,153.20152738058732
2010-01-09 00:00:00,104.15348245935434
2010-01-09 06:00:00,22.15196120067958
2010-01-10 06:00:00,353.9529447387009
2010-01-10 12:00:00,592.5180559589894
2010-01-10 18:00:00,426.0754579064188
2010-01-11 00:00:00,141.65168743619176
2010-01-11 06:00:00,119.17119177786424
2010-01-11 12:00:00,213.5769764121393
2010-01-11 18:00:00,536.8860076708968
2010-01-12 00:00:00,1220.4497910658338
2010-01-12 06:00:00,1708.6575501689376
2010-01-12 12:00:00,1968.822600732523
2010-01-12 18:00:00,1767.1886633270587
2010-01-13 00:00:00,1413.2613028130381
2010-01-13 06:00:00,1254.32191597067
2010-01-13 12:00:00,362.32473109505565
2010-01-13 18:00:00,692.4891505583068
2010-01-14 00:00:00,399.15103361955346
2010-01-14 06:00:00,1195.6504009850773
2010-01-14 12:00:00,1225.1184736005443
2010-01-14 18:00:00,313.36981446490665
2010-01-15 00:00:00,447.2082439328757
2010-01-15 06:00:00,667.1201621787922
2010-01-15 12:00:00,1131.0614788758178
2010-01-15 18:00:00,1795.759441536171
2010-01-16 00:00:00,1621.6532562733723
2010-01-16 06:00:00,1946.761501848008
2010-01-16 12:00:00,2042.0208207615542
2010-01-16 18:00:00,1202.724258030376
2010-01-17 18:00:00,484.288639350596
2010-01-18 00:00:00,625.6277173949939
2010-01-18 06:00:00,757.6517627819775
2010-01-18 12:00:00,679.18466139012
2010-01-18 18:00:00,477.45168355814064
2010-01-19 00:00:00,491.54673898231545
2010-01-19 06:00:00,788.7338878140365
2010-01-19 12:00:00,1428.66004464146
2010-01-19 18:00:00,1277.6335611272666
2010-01-20 00:00:00,1303.2399388837212
2010-01-20 06:00:00,967.9759129422705
2010-01-20 12:00:00,1422.1868725117424
2010-01-21 00:00:00,453.74208570294707
2010-01-21 06:00:00,609.4676465757227
2010-01-21 12:00:00,798.7665045924315
2010-01-21 18:00:00,836.537455219003
2010-01-22 00:00:00,874.5640480299536
2010-01-22 06:00:00,347.1748629759933
2010-01-22 12:00:00,37.49178540146306
2010-01-23 00:00:00,370.1660542973607
2010-01-23 06:00:00,338.75956510043443
2010-01-23 12:00:00,206.71336677102965
2010-01-23 18:00:00,283.7176868063075
2010-01-24 00:00:00,135.69592708020286
2010-01-24 06:00:00,183.75595810112372
2010-01-24 12:00:00,405.37137184214953
2010-01-24 18:00:00,523.0151038326709
2010-01-25 00:00:00,825.1604574038015
2010-01-25 06:00:00,568.6493656691324
2010-01-25 12:00:00,236.03021270906459
2010-01-25 18:00:00,174.52857579543058
2010-01-26 00:00:00,925.0907117701557
2010-01-26 06:00:00,2353.119184299255
2010-01-26 12:00:00,2394.646544797071
2010-01-26 18:00:00,1917.0603942587177
2010-01-27 00:00:00,1861.2470343020075
2010-01-27 06:00:00,1910.4329465730825
2010-01-27 12:00:00,2167.6753206413086
2010-01-27 18:00:00,2027.8680701754588
2010-01-28 00:00:00,1027.9493415412508
2010-01-28 06:00:00,211.81287617055727
2010-01-28 12:00:00,62.84641160318154
2010-01-28 18:00:00,28.40998176511357
2010-01-29 00:00:00,35.851059293069966
2010-01-29 06:00:00,435.39250219932603
2010-01-29 12:00:00,1087.3169992196517
2010-01-29 18:00:00,630.5653330357079
2010-01-30 00:00:00,399.0490828065274
2010-01-30 06:00:00,317.9320659865083
2010-01-30 12:00:00,1039.2872024429266
2010-01-30 18:00:00,633.8418392254218
2010-01-31 00:00:00,292.81996228372293
2010-01-31 06:00:00,333.6025332313749
2010-01-31 12:00:00,329.1568262630773
2010-01-31 18:00:00,420.39674419373364
2010-02-01 06:00:00,183.71695366368647
2010-02-02 00:00:00,100.03490365462301
2010-02-02 06:00:00,82.46416788372005
2010-02-02 12:00:00,190.18396716967004
2010-02-02 18:00:00,134.67870543513607
2010-02-03 00:00:00,203.94459622285228
2010-02-03 06:00:00,214.692053336944
2010-02-03 12:00:00,243.66838329907398
2010-02-03 18:00:00,109.5070821541791
2010-02-04 00:00:00,336.98005102386196
2010-02-04 06:00:00,721.3959192970171
2010-02-04 12:00:00,1799.9045711560834
2010-02-04 18:00:00,1869.1167687217082
2010-02-05 00:00:00,1841.918629758018
2010-02-05 06:00:00,1989.9618142631589
2010-02-05 12:00:00,2171.5053699540895
2010-02-05 18:00:00,2189.1890123474705
2010-02-06 00:00:00,2131.9974407488753
2010-02-06 06:00:00,1372.6651812211205
2010-02-06 12:00:00,722.9146014716221
2010-02-06 18:00:00,107.34122256976173
2010-02-07 06:00:00,737.3117113951146
2010-02-07 12:00:00,530.8246540998828
2010-02-07 18:00:00,345.07756352531703
2010-02-08 00:00:00,406.01024330014013
2010-02-08 06:00:00,239.76439123758735
2010-02-08 18:00:00,233.8209307035869
2010-02-09 06:00:00,71.15072952917092
2010-02-09 12:00:00,94.79497659599667
2010-02-09 18:00:00,57.653164787212404
2010-02-10 00:00:00,331.5316954335982
2010-02-10 06:00:00,714.2674802006613
2010-02-10 12:00:00,857.651364105905
2010-02-10 18:00:00,1036.2392975411813
2010-02-11 06:00:00,908.0340236304751
2010-02-11 12:00:00,1489.5938023928115
2010-02-11 18:00:00,850.3386372079215
2010-02-12 00:00:00,1331.2544433416049
2010-02-12 06:00:00,969.941149711768
2010-02-12 12:00:00,1501.0329499530867
2010-02-12 18:00:00,1621.3973522959236
2010-02-13 00:00:00,1422.760528070237
2010-02-13 06:00:00,1032.2877216159238
2010-02-13 12:00:00,1689.5191059421759
2010-02-13 18:00:00,1326.374996436292
2010-02-14 00:00:00,846.4193282284417
2010-02-14 06:00:00,561.613704864991
2010-02-14 12:00:00,1489.8027204590403
2010-02-14 18:00:00,1588.1363387410634
2010-02-15 00:00:00,1431.0391599757158
2010-02-15 06:00:00,1735.1007651747252
2010-02-15 12:00:00,2101.48657875752
2010-02-15 18:00:00,1814.9824080621624
2010-02-16 00:00:00,1537.9540395257013
2010-02-16 06:00:00,1373.0193160499919
2010-02-16 12:00:00,1617.5920971421206
2010-02-16 18:00:00,1035.249376781061
2010-02-17 00:00:00,802.0074613767342
2010-02-17 06:00:00,449.5563854735568
2010-02-17 12:00:00,212.1664999148253
2010-02-17 18:00:00,823.3535880884774
2010-02-18 00:00:00,810.285513967795
2010-02-18 06:00:00,346.05463525229993
2010-02-18 12:00:00,120.10952580091248
2010-02-18 18:00:00,81.03684060381238
2010-02-19 00:00:00,117.35653179858002
2010-02-19 06:00:00,85.31669326568203
2010-02-19 12:00:00,545.2813082308267
2010-02-19 18:00:00,409.11991171676334
2010-02-20 00:00:00,528.2856169106249
2010-02-20 06:00:00,759.6985607294212
2010-02-20 12:00:00,1519.892894920576
2010-02-20 18:00:00,359.4580858175706
2010-02-21 00:00:00,1255.2957627630267
2010-02-21 06:00:00,1254.8188925482646
2010-02-21 12:00:00,1225.7038851766274
2010-02-21 18:00:00,1551.554010492538
2010-02-22 00:00:00,1890.165872872463
2010-02-22 06:00:00,1520.362480217218
2010-02-22 12:00:00,1622.9329511548417
2010-02-22 18:00:00,2207.5788059049087
2010-02-23 00:00:00,1963.1604001069863
2010-02-23 06:00:00,1889.5060318232672
2010-02-23 12:00:00,1936.9986157902713
2010-02-23 18:00:00,1725.2698859052548
2010-02-24 00:00:00,2221.768773547341
2010-02-24 06:00:00,2133.728587076243
2010-02-24 12:00:00,2056.4962628993044
2010-02-24 18:00:00,1390.1551869704285
2010-02-25 00:00:00,1938.1988371503217
2010-02-25 06:00:00,2205.7692226784243
2010-02-25 12:00:00,2033.1610101771334
2010-02-25 18:00:00,2314.728563849081
2010-02-26 00:00:00,1921.2749222001885
2010-02-26 06:00:00,680.5349130884784
2010-02-26 12:00:00,1501.6288021345413
2010-02-26 18:00:00,847.9800239724703
2010-02-27 00:00:00,461.2921335446619
2010-02-27 06:00:00,248.64247662699506
2010-02-27 12:00:00,1006.3038462210744
2010-02-27 18:00:00,1709.2583105087137
2010-02-28 00:00:00,2001.10970065535
2010-02-28 06:00:00,575.0927374869408
2010-02-28 12:00:00,603.0299975531766
2010-02-28 18:00:00,395.2037638467299
2010-03-01 00:00:00,321.191786132031
2010-03-01 06:00:00,1082.1109049730485
2010-03-01 12:00:00,1995.7945419633088
2010-03-01 18:00:00,522.3938599668749
2010-03-02 00:00:00,182.14070681488658
2010-03-02 06:00:00,1276.6654151095174
2010-03-02 12:00:00,890.3543187864848
2010-03-02 18:00:00,214.25720842570684
2010-03-03 00:00:00,297.76611283049544
2010-03-04 06:00:00,148.78545787635937
2010-03-04 12:00:00,15.026484145732297
2010-03-04 18:00:00,219.57942839685518
2010-03-05 00:00:00,942.5445576673678
2010-03-05 06:00:00,1917.2616100835849
2010-03-05 12:00:00,2123.1203834879348
2010-03-05 18:00:00,2301.6310902564524
2010-03-06 00:00:00,2232.3379511856947
2010-03-06 06:00:00,2211.302176028146
2010-03-06 12:00:00,1772.3622705411267
2010-03-06 18:00:00,1177.7722098059041
2010-03-07 00:00:00,832.6610440533915
2010-03-07 06:00:00,656.4633339099487
2010-03-07 12:00:00,1116.9032915372159
2010-03-07 18:00:00,1585.925747775051
2010-03-08 00:00:00,1656.12970124306
2010-03-08 06:00:00,1124.2856248312407
2010-03-08 12:00:00,1870.2827279111955
2010-03-08 18:00:00,1940.7213853563812
2010-03-09 00:00:00,1574.1907926283443
2010-03-09 06:00:00,1304.03425715913
2010-03-09 12:00:00,1186.2747776080587
2010-03-09 18:00:00,1356.7350851624008
2010-03-10 00:00:00,1351.2644342881817
2010-03-10 06:00:00,973.1150894268472
2010-03-10 12:00:00,1631.7989010356973
2010-03-10 18:00:00,1051.1005206982268
2010-03-11 00:00:00,915.0725700505988
2010-03-11 06:00:00,754.1869674808705
2010-03-11 12:00:00,1712.6265279947643
2010-03-11 18:00:00,1064.7407463455436
2010-03-12 00:00:00,649.5085920942518
2010-03-12 06:00:00,502.2488288737129
2010-03-12 12:00:00,776.480157446661
2010-03-12 18:00:00,687.0726646849744
2010-03-13 00:00:00,551.9600961763999
2010-03-13 06:00:00,266.75243604060483
2010-03-13 12:00:00,209.47108564417
2010-03-13 18:00:00,358.77448060084066
2010-03-14 00:00:00,738.6517030043426
2010-03-14 06:00:00,949.7850799291011
2010-03-14 12:00:00,1127.630407361394
2010-03-14 18:00:00,792.2379252406088
2010-03-15 00:00:00,620.9129805183973
2010-03-15 06:00:00,486.2530955638255
2010-03-16 00:00:00,216.3436998873866
2010-03-16 06:00:00,325.20258012607974
2010-03-16 12:00:00,75.53131961924726
2010-03-16 18:00:00,114.30688858096289
2010-03-17 06:00:00,248.19524464983363
2010-03-17 12:00:00,83.06956313086528
2010-03-17 18:00:00,222.43821226762032
2010-03-18 00:00:00,522.8298766196126
2010-03-18 06:00:00,853.1918580827013
2010-03-18 12:00:00,1410.7306449467787
2010-03-18 18:00:00,1077.4331936136625
2010-03-19 00:00:00,794.3599442509715
2010-03-19 06:00:00,1371.7903689111117
2010-03-19 12:00:00,1197.399004617308
2010-03-19 18:00:00,1140.9507174249147
2010-03-20 00:00:00,1163.826730066477
2010-03-20 06:00:00,932.6035684197013
2010-03-20 12:00:00,1446.6718225662544
2010-03-21 18:00:00,110.04928584484935
2010-03-22 06:00:00,225.5380201477626
2010-03-22 12:00:00,164.38644528420343
2010-03-23 00:00:00,83.4744929481052
2010-03-23 06:00:00,227.23989987530888
2010-03-23 12:00:00,345.2641519926593
2010-03-23 18:00:00,264.8769026531942
2010-03-24 00:00:00,460.3569042654375
2010-03-24 06:00:00,928.1960013902221
2010-03-24 12:00:00,1593.1530206062166
2010-03-24 18:00:00,687.5070441309495
2010-03-25 00:00:00,1131.6241447908424
2010-03-25 06:00:00,1937.458916297105
2010-03-25 12:00:00,2053.799523175225
2010-03-25 18:00:00,1653.0105713684861
2010-03-26 00:00:00,1876.3675587869866
2010-03-26 06:00:00,2143.007986213937
2010-03-26 12:00:00,2043.3796550910715
2010-03-26 18:00:00,2187.398248699725
2010-03-27 00:00:00,2314.9475269188288
2010-03-27 06:00:00,1473.9224247532507
2010-03-27 12:00:00,1435.0301471244966
2010-03-27 18:00:00,652.1431331342966
2010-03-28 00:00:00,317.03039069962495
2010-03-28 06:00:00,238.10726541100428
2010-03-28 12:00:00,384.9968329141137
2010-03-28 18:00:00,328.6065568304376
2010-03-29 00:00:00,953.6558555257309
2010-03-29 06:00:00,1259.4476769627022
2010-03-29 12:00:00,2374.5118412306565
2010-03-29 18:00:00,2061.6258994235814
2010-03-30 00:00:00,2177.7190713188465
2010-03-30 06:00:00,1739.5636976172646
2010-03-30 12:00:00,2119.5711131987227
2010-03-30 18:00:00,2131.399159813684
2010-03-31 00:00:00,1199.8163602894151
2010-03-31 06:00:00,1801.9731928448045
2010-03-31 12:00:00,2009.386330887478
2010-03-31 18:00:00,782.6928318120758
2010-04-01 00:00:00,126.55242684967152
2010-04-01 06:00:00,364.84447546184845
2010-04-01 12:00:00,1351.203243111286
2010-04-01 18:00:00,1092.7770520517502
2010-04-02 00:00:00,1645.5228753945607
2010-04-02 06:00:00,1955.8032921400568
2010-04-02 12:00:00,1992.7896222577274
2010-04-02 18:00:00,1879.030374865959
2010-04-03 00:00:00,1761.567938320543
2010-04-03 06:00:00,1719.4769350214337
2010-04-03 12:00:00,2067.8705101833248
2010-04-03 18:00:00,1164.6181725967836
2010-04-04 00:00:00,140.3614860066449
2010-04-04 06:00:00,275.93728628543374
2010-04-04 12:00:00,290.2039122299724
2010-04-04 18:00:00,45.731964878719964
2010-04-05 06:00:00,75.78164582195564
2010-04-05 12:00:00,-20.906670285176688
2010-04-05 18:00:00,2.188162086012312
2010-04-06 06:00:00,485.0210786490777
2010-04-06 12:00:00,530.2083989473233
2010-04-06 18:00:00,317.92649751184035
2010-04-07 06:00:00,126.13402389200996
2010-04-07 12:00:00,410.6293848638089
2010-04-07 18:00:00,570.9666028902449
2010-04-08 00:00:00,1124.446630530216
2010-04-08 06:00:00,919.8867006113874
2010-04-08 12:00:00,554.0240261828224
2010-04-08 18:00:00,554.5279642737056
2010-04-09 00:00:00,802.9731906085997
2010-04-09 06:00:00,593.0938270280404
2010-04-09 12:00:00,49.7611777760643
2010-04-09 18:00:00,192.28139067438565
2010-04-10 00:00:00,629.3526745157488
2010-04-10 06:00:00,536.2887638192944
2010-04-10 12:00:00,-29.31421844729232
2010-04-10 18:00:00,82.51684373046714
2010-04-11 00:00:00,574.3636957370352
2010-04-11 06:00:00,552.7997246014013
2010-04-11 12:00:00,477.57665517762484
2010-04-11 18:00:00,1069.0378881749152
2010-04-12 00:00:00,1607.3142853391864
2010-04-12 06:00:00,1558.4492950376048
2010-04-12 12:00:00,2447.8291442552377
2010-04-12 18:00:00,2347.2864328402975
2010-04-13 00:00:00,2278.6027821018797
2010-04-13 06:00:00,1412.291468172675
2010-04-13 12:00:00,2434.194607923873
2010-04-13 18:00:00,2118.938662955478
2010-04-14 00:00:00,1582.0215345630472
2010-04-14 06:00:00,1387.255271009477
2010-04-14 12:00:00,1772.793272395674
2010-04-14 18:00:00,914.3449777452226
2010-04-15 00:00:00,1199.3513188347897
2010-04-15 06:00:00,1275.9065959968107
2010-04-15 12:00:00,1197.669862855903
2010-04-15 18:00:00,857.5689429338374
2010-04-16 00:00:00,722.8279359761134
2010-04-16 06:00:00,788.4121896199581
2010-04-16 12:00:00,1000.1619975686575
2010-04-16 18:00:00,880.3877930790611
2010-04-17 00:00:00,527.3947919366148
2010-04-17 06:00:00,242.10432633772507
2010-04-17 18:00:00,72.16900644288899
2010-04-18 00:00:00,68.90944683594682
2010-04-18 06:00:00,84.90455463050182
2010-04-18 12:00:00,100.33891085964513
2010-04-18 18:00:00,99.99161137936574
2010-04-19 12:00:00,36.466458571717226
2010-04-19 18:00:00,11.761475314057407
2010-04-20 06:00:00,132.07896446296263
2010-04-20 12:00:00,205.65047304141865
2010-04-20 18:00:00,44.017069510312126
2010-04-21 00:00:00,219.4666652920572
2010-04-21 12:00:00,56.0442409858789
2010-04-22 12:00:00,155.0156876212253
2010-04-22 18:00:00,83.33024475163279
2010-04-23 18:00:00,136.5965842383339
2010-04-24 06:00:00,160.48772517969007
2010-04-24 12:00:00,691.1886921633917
2010-04-24 18:00:00,463.5644704069681
2010-04-25 18:00:00,44.59269290507143
2010-04-26 00:00:00,355.501184623168
2010-04-26 18:00:00,37.62026903728224
2010-04-27 00:00:00,248.52583876487165
2010-04-27 06:00:00,122.22379558558657
2010-04-27 12:00:00,46.31731462785319
2010-04-27 18:00:00,47.12548993695543
2010-04-28 18:00:00,168.21609276702384
2010-04-29 06:00:00,50.324096028340705
2010-04-29 12:00:00,339.9987006251953
2010-04-29 18:00:00,207.67151669203508
2010-05-01 12:00:00,40.37640595999676
2010-05-01 18:00:00,148.6143063340271
2010-05-02 00:00:00,73.19621882791432
2010-05-02 12:00:00,318.8832245360095
2010-05-02 18:00:00,349.7403930591139
2010-05-03 00:00:00,295.14502219858093
2010-05-03 06:00:00,262.3503362717961
2010-05-03 12:00:00,791.1365947961493
2010-05-03 18:00:00,779.9202702926503
2010-05-04 00:00:00,697.929499951051
2010-05-04 06:00:00,1009.688358773839
2010-05-04 12:00:00,1600.6952571727718
2010-05-04 18:00:00,1085.4688955482954
2010-05-05 00:00:00,793.4316712652796
2010-05-05 06:00:00,540.9175819069873
2010-05-05 12:00:00,1215.6305440611509
2010-05-05 18:00:00,1154.2488732758482
2010-05-06 00:00:00,543.4793827306925
2010-05-06 06:00:00,189.28885959996035
2010-05-06 12:00:00,157.18524388618198
2010-05-06 18:00:00,39.93562475039664
2010-05-07 18:00:00,242.46329907911286
2010-05-09 00:00:00,349.95538590505123
2010-05-09 06:00:00,205.43185931930896
2010-05-09 12:00:00,1418.0121922473652
2010-05-09 18:00:00,733.4673120467842
2010-05-10 00:00:00,625.0153968789091
2010-05-10 06:00:00,348.58161436161595
2010-05-10 12:00:00,575.3151837522269
2010-05-10 18:00:00,190.05077950039356
2010-05-11 06:00:00,151.2418684246229
2010-05-11 12:00:00,198.82921719357648
2010-05-11 18:00:00,273.3929597506184
2010-05-12 12:00:00,78.75758736404521
2010-05-12 18:00:00,552.2838838438425
2010-05-13 00:00:00,459.44907017679725
2010-05-13 06:00:00,256.7557350148953
2010-05-13 18:00:00,170.27020159533254
2010-05-14 00:00:00,37.83878619458483
2010-05-14 06:00:00,209.3944522963019
2010-05-14 12:00:00,1336.289315701113
2010-05-14 18:00:00,727.7038731486052
2010-05-15 00:00:00,297.8966295709412
2010-05-15 06:00:00,209.81766991124005
2010-05-15 12:00:00,105.07048703816167
2010-05-15 18:00:00,86.4661400888823
2010-05-16 12:00:00,-8.09041616493107
2010-05-16 18:00:00,56.264943574523045
2010-05-17 00:00:00,238.62932416249498
2010-05-17 06:00:00,403.77028904694623
2010-05-17 12:00:00,59.675886868206135
2010-05-17 18:00:00,70.55985153904442
2010-05-18 00:00:00,472.5370623305871
2010-05-18 06:00:00,268.31935747523414
2010-05-18 18:00:00,238.58401821264067
2010-05-19 00:00:00,693.1820429978875
2010-05-19 06:00:00,756.0814601321485
2010-05-19 18:00:00,599.9642754551751
2010-05-20 00:00:00,1019.3703523789501
2010-05-20 06:00:00,983.8349416583684
2010-05-20 18:00:00,363.16053113494775
2010-05-21 00:00:00,886.556418476123
2010-05-21 06:00:00,711.0546474175505
2010-05-21 12:00:00,18.04169101030459
2010-05-21 18:00:00,40.73658571728026
2010-05-22 00:00:00,464.0869482034993
2010-05-22 06:00:00,482.4885133597433
2010-05-22 18:00:00,-14.486103306804466
2010-05-23 00:00:00,255.7046970825961
2010-05-23 06:00:00,243.24757732539524
2010-05-24 06:00:00,250.91144467065612
2010-05-24 12:00:00,248.50499218001812
2010-05-25 00:00:00,471.2164197193847
2010-05-25 06:00:00,294.0380342888767
2010-05-25 12:00:00,915.1696446528031
2010-05-25 18:00:00,1028.0198156324104
2010-05-26 00:00:00,747.1546369233797
2010-05-26 06:00:00,880.1285443068557
2010-05-26 12:00:00,657.8444893329045
2010-05-26 18:00:00,571.544156122603
2010-05-27 12:00:00,122.61317772054554
2010-05-27 18:00:00,71.15393392613362
2010-05-28 18:00:00,145.19352806285326
2010-05-29 00:00:00,567.1634879936835
2010-05-29 06:00:00,735.5071315701656
2010-05-29 12:00:00,1063.0593599647382
2010-05-29 18:00:00,498.0846251566521
2010-05-30 00:00:00,228.0323949478717
2010-05-30 06:00:00,209.79797148766727
2010-05-30 12:00:00,-2.1280187792051493
2010-05-30 18:00:00,92.19820399711261
2010-05-31 12:00:00,-11.307105317741275
2010-06-01 06:00:00,56.64603816905594
2010-06-01 18:00:00,121.12400716290927
2010-06-02 00:00:00,376.5668886946088
2010-06-02 06:00:00,390.78748132981093
2010-06-02 12:00:00,475.2274892394312
2010-06-02 18:00:00,155.7331236724708
2010-06-03 00:00:00,402.8333896272901
2010-06-03 06:00:00,312.3440052050762
2010-06-03 12:00:00,10.824821191276897
2010-06-03 18:00:00,134.02365129304644
2010-06-04 18:00:00,67.60853840534548
2010-06-06 00:00:00,28.535415128557474
2010-06-06 18:00:00,19.5520020149645
2010-06-09 18:00:00,322.98557905919165
2010-06-10 00:00:00,298.03201763610707
2010-06-10 06:00:00,387.4765345383295
2010-06-10 12:00:00,1043.0340921048673
2010-06-10 18:00:00,544.1816094691156
2010-06-11 00:00:00,627.8835960125182
2010-06-11 06:00:00,687.6547157348126
2010-06-11 12:00:00,570.5795357821547
2010-06-11 18:00:00,564.716079497018
2010-06-12 00:00:00,230.9371065761759
2010-06-12 06:00:00,129.46286702166913
2010-06-12 12:00:00,164.16974135756152
2010-06-12 18:00:00,418.5528647632325
2010-06-13 00:00:00,240.84229483189029
2010-06-13 06:00:00,228.8119326766008
2010-06-13 12:00:00,222.3017165463266
2010-06-13 18:00:00,246.94861522325948
2010-06-14 00:00:00,194.57842571278138
2010-06-14 06:00:00,228.84435754027618
2010-06-14 12:00:00,648.0051693258738
2010-06-14 18:00:00,672.6992970886517
2010-06-15 00:00:00,422.21628118546187
2010-06-15 06:00:00,285.58065443607575
2010-06-15 12:00:00,712.9241484431161
2010-06-15 18:00:00,749.246184817363
2010-06-16 00:00:00,357.8817845796016
2010-06-16 06:00:00,278.85241458032704
2010-06-16 12:00:00,783.7397428867724
2010-06-16 18:00:00,514.096988585264
2010-06-17 00:00:00,279.7978264797663
2010-06-17 06:00:00,262.17220781497997
2010-06-17 12:00:00,454.446356711181
2010-06-17 18:00:00,347.0475264422794
2010-06-18 00:00:00,369.78215456063185
2010-06-18 06:00:00,403.2249568182382
2010-06-18 12:00:00,516.8007823362434
2010-06-18 18:00:00,383.10343599103305
2010-06-19 00:00:00,260.45616252977754
2010-06-19 06:00:00,140.62248752370442
2010-06-19 12:00:00,93.75926965533472
2010-06-19 18:00:00,224.52284672410303
2010-06-20 06:00:00,218.60580113346987
2010-06-20 12:00:00,721.0129060320172
2010-06-20 18:00:00,683.1053550998519
2010-06-21 00:00:00,880.5113227805778
2010-06-21 06:00:00,791.7454299151098
2010-06-21 12:00:00,91.28497506578981
2010-06-21 18:00:00,91.57807200520881
2010-06-22 00:00:00,431.77178356222794
2010-06-22 06:00:00,349.95815226450486
2010-06-22 18:00:00,-22.494193023080243
2010-06-23 06:00:00,262.6303593194183
2010-06-24 00:00:00,415.8134782255137
2010-06-24 06:00:00,452.268029403838
2010-06-24 12:00:00,150.5082277887093
2010-06-24 18:00:00,-33.09489297660775
2010-06-25 00:00:00,271.90477748812486
2010-06-25 06:00:00,302.8405985320529
2010-06-25 18:00:00,-84.46200641659141
2010-06-26 12:00:00,56.59754503556758
2010-06-26 18:00:00,148.83214731584792
2010-06-27 00:00:00,200.26384166839784
2010-06-27 06:00:00,272.5989284286386
2010-06-27 12:00:00,245.65066633461163
2010-06-27 18:00:00,285.1654999601161
2010-06-28 00:00:00,313.1117390983984
2010-06-28 06:00:00,424.3902852713139
2010-06-28 12:00:00,107.50989410890588
2010-06-28 18:00:00,59.431948206365746
2010-06-29 00:00:00,395.81157390573344
2010-06-29 06:00:00,275.246429231762
2010-06-29 12:00:00,11.204187623612938
2010-06-30 00:00:00,291.9658318192652
2010-06-30 06:00:00,245.2495028526157
2010-06-30 18:00:00,80.30362335250925
2010-07-01 18:00:00,431.9023258644056
2010-07-02 00:00:00,488.7110503594231
2010-07-02 06:00:00,362.6314596890812
2010-07-02 18:00:00,136.10337245654284
2010-07-03 00:00:00,244.51936016848595
2010-07-03 06:00:00,314.1486211302339
2010-07-03 12:00:00,608.7036750221454
2010-07-03 18:00:00,449.9407197113253
2010-07-04 00:00:00,530.3650944062049
2010-07-04 06:00:00,334.3826203420855
2010-07-04 12:00:00,260.5876083488679
2010-07-04 18:00:00,275.91419731635006
2010-07-05 00:00:00,447.79197451357413
2010-07-05 06:00:00,447.0931702355199
2010-07-05 12:00:00,700.2120634633977
2010-07-05 18:00:00,760.91567963591
2010-07-06 00:00:00,1124.9411686347437
2010-07-06 06:00:00,1005.5447814856404
2010-07-06 12:00:00,863.3414755269235
2010-07-06 18:00:00,665.6010547671549
2010-07-07 00:00:00,604.8898096710425
2010-07-07 06:00:00,492.79234657542526
2010-07-07 12:00:00,110.19388523308237
2010-07-08 06:00:00,146.55210627209942
2010-07-08 12:00:00,-52.069181678794735
2010-07-08 18:00:00,203.40411485533366
2010-07-09 00:00:00,95.21966293579271
2010-07-10 06:00:00,76.53085378111007
2010-07-10 12:00:00,53.33503402729434
2010-07-10 18:00:00,153.7819300688817
2010-07-11 00:00:00,204.89328604896707
2010-07-11 18:00:00,199.035016898996
2010-07-12 00:00:00,216.27027319919273
2010-07-12 06:00:00,384.2540802905871
2010-07-12 12:00:00,806.1776718567148
2010-07-12 18:00:00,728.0626190317876
2010-07-13 00:00:00,259.32400967978117
2010-07-13 06:00:00,268.6322433388152
2010-07-13 12:00:00,617.260499180112
2010-07-13 18:00:00,632.62848464491
2010-07-14 00:00:00,1125.6702035302026
2010-07-14 06:00:00,1224.3068109972628
2010-07-14 12:00:00,1486.3167625564224
2010-07-14 18:00:00,759.1057790764521
2010-07-15 00:00:00,315.55762778307155
2010-07-15 06:00:00,394.1693008394434
2010-07-15 12:00:00,586.2361290052463
2010-07-15 18:00:00,929.489698706995
2010-07-16 00:00:00,704.1429451799804
2010-07-16 06:00:00,291.87979439974026
2010-07-16 12:00:00,233.26795177361066
2010-07-16 18:00:00,111.1834453428445
2010-07-17 00:00:00,79.81327771012934
2010-07-17 06:00:00,241.67874373543998
2010-07-17 12:00:00,397.4452955495981
2010-07-17 18:00:00,672.4361926179026
2010-07-18 00:00:00,539.3709438729811
2010-07-18 06:00:00,577.165910760057
2010-07-18 12:00:00,15.558287645337714
2010-07-19 06:00:00,223.91400889648537
2010-07-19 18:00:00,92.35927977130575
2010-07-20 12:00:00,135.39758297183153
2010-07-20 18:00:00,437.6444432567432
2010-07-21 00:00:00,62.6302400491071
2010-07-21 06:00:00,64.9919031401082
2010-07-21 12:00:00,114.6832407696229
2010-07-21 18:00:00,253.76415768988147
2010-07-22 00:00:00,39.814595053106586
2010-07-22 06:00:00,57.041517329333146
2010-07-22 12:00:00,207.5398297461727
2010-07-22 18:00:00,348.0209917897822
2010-07-23 00:00:00,356.35808912556
2010-07-23 06:00:00,412.7224069482911
2010-07-23 12:00:00,560.3275530371782
2010-07-23 18:00:00,338.96154230427896
2010-07-24 00:00:00,568.7487598704301
2010-07-24 06:00:00,475.51133893620147
2010-07-24 12:00:00,195.2565483118292
2010-07-24 18:00:00,314.24460437988546
2010-07-25 00:00:00,402.84142641918413
2010-07-25 06:00:00,423.6907117935327
2010-07-25 12:00:00,386.5930537121434
2010-07-25 18:00:00,507.22840706648714
2010-07-26 00:00:00,813.6446668812696
2010-07-26 06:00:00,831.0627889272953
2010-07-26 12:00:00,603.6666271116287
2010-07-26 18:00:00,550.8574630710057
2010-07-27 00:00:00,865.8603866958433
2010-07-27 06:00:00,640.318634196773
2010-07-27 12:00:00,317.88910395219864
2010-07-27 18:00:00,235.6173312115809
2010-07-28 00:00:00,646.6027360224637
2010-07-28 06:00:00,630.4018926379318
2010-07-28 12:00:00,291.7271431146439
2010-07-28 18:00:00,420.3598956817709
2010-07-29 00:00:00,646.8884168073168
2010-07-29 06:00:00,719.1866208211906
2010-07-29 12:00:00,446.62877043362107
2010-07-29 18:00:00,570.9608053884232
2010-07-30 00:00:00,624.7767018484769
2010-07-30 06:00:00,535.7543450440611
2010-07-30 12:00:00,189.88058626505756
2010-07-30 18:00:00,194.90266339769585
2010-07-31 00:00:00,383.1588053187569
2010-07-31 06:00:00,365.8169250814218
2010-07-31 12:00:00,167.586472893497
2010-07-31 18:00:00,301.0863044590616
2010-08-01 00:00:00,519.1379288527817
2010-08-01 06:00:00,421.3216915360506
2010-08-01 12:00:00,171.79081283922778
2010-08-01 18:00:00,302.04274606778085
2010-08-02 00:00:00,132.24973321231062
2010-08-02 06:00:00,163.25768653179694
2010-08-02 12:00:00,365.57151610701055
2010-08-02 18:00:00,527.0337579196357
2010-08-03 00:00:00,576.0480970453543
2010-08-03 06:00:00,553.7360321926444
2010-08-04 18:00:00,165.62995058505612
2010-08-05 00:00:00,186.4890492720773
2010-08-05 06:00:00,360.5868075516365
2010-08-05 12:00:00,550.0600443593526
2010-08-05 18:00:00,339.94627648206483
2010-08-06 00:00:00,736.175130333246
2010-08-06 06:00:00,561.8128086058223
2010-08-06 12:00:00,154.11141929693633
2010-08-06 18:00:00,259.80681807103645
2010-08-07 00:00:00,402.04586496342574
2010-08-07 06:00:00,379.9232747155015
2010-08-07 12:00:00,379.2633791322297
2010-08-07 18:00:00,569.1824589278457
2010-08-08 00:00:00,673.1887960157055
2010-08-08 06:00:00,713.002859313779
2010-08-08 12:00:00,188.43662831350002
2010-08-08 18:00:00,272.0111231789133
2010-08-09 00:00:00,371.94005107553585
2010-08-09 06:00:00,440.4350090947497
2010-08-09 12:00:00,33.25239575481578
2010-08-10 00:00:00,427.3704074065258
2010-08-10 12:00:00,-16.676931085981437
2010-08-10 18:00:00,94.5158632257785
2010-08-11 12:00:00,12.11268066465584
2010-08-11 18:00:00,110.03319316689033
2010-08-12 00:00:00,76.89551603727682
2010-08-12 12:00:00,380.53618371159496
2010-08-12 18:00:00,623.3346356049103
2010-08-13 00:00:00,820.8826103050503
2010-08-13 06:00:00,927.933021196868
2010-08-13 12:00:00,922.3448598945313
2010-08-13 18:00:00,881.993264342516
2010-08-14 00:00:00,892.0370059030241
2010-08-14 06:00:00,586.2605207858901
2010-08-14 12:00:00,484.3909967283428
2010-08-14 18:00:00,307.6408298975466
2010-08-15 00:00:00,422.486782911021
2010-08-15 06:00:00,504.104331558992
2010-08-15 12:00:00,937.7561496647141
2010-08-15 18:00:00,701.925079616654
2010-08-16 00:00:00,1194.3373445760985
2010-08-16 06:00:00,1069.073591949429
2010-08-16 12:00:00,557.1533520539875
2010-08-16 18:00:00,266.2663133687705
2010-08-17 12:00:00,-15.19109251336215
2010-08-17 18:00:00,112.03699471615619
2010-08-18 12:00:00,804.0841415674836
2010-08-18 18:00:00,111.11375859475424
2010-08-19 12:00:00,10.989672263749412
2010-08-20 12:00:00,3.82722115390186
2010-08-20 18:00:00,49.47954816110234
2010-08-21 06:00:00,55.1019017982195
2010-08-21 18:00:00,38.72786815699021
2010-08-22 12:00:00,432.05737806560705
2010-08-23 00:00:00,687.4646384070676
2010-08-23 06:00:00,1207.404370134616
2010-08-23 12:00:00,699.792513877863
2010-08-23 18:00:00,244.16216127070504
2010-08-24 00:00:00,42.74651687671985
2010-08-24 18:00:00,221.40739793369823
2010-08-25 00:00:00,498.8038243057436
2010-08-25 06:00:00,847.0007407464624
2010-08-25 12:00:00,719.5072150223054
2010-08-25 18:00:00,373.89959556073086
2010-08-26 00:00:00,306.1500820691035
2010-08-26 06:00:00,461.8360174991047
2010-08-26 12:00:00,1361.9493210303954
2010-08-26 18:00:00,1678.4615746745521
2010-08-27 00:00:00,1644.7044941333274
2010-08-27 06:00:00,1192.0522480685772
2010-08-27 12:00:00,319.5502073958104
2010-08-27 18:00:00,54.221318060616454
2010-08-28 06:00:00,649.0222702976173
2010-08-28 12:00:00,573.2976381924946
2010-08-28 18:00:00,625.5811500852486
2010-08-29 00:00:00,968.9153540058551
2010-08-29 06:00:00,929.5785018433944
2010-08-29 12:00:00,232.78259889565163
2010-08-29 18:00:00,276.37735537512356
2010-08-30 00:00:00,811.4724077580292
2010-08-30 06:00:00,891.7508831473942
2010-08-30 12:00:00,372.77553396021347
2010-08-30 18:00:00,230.64195656488153
2010-08-31 00:00:00,764.2536230382608
2010-08-31 06:00:00,765.3704633756493
2010-08-31 12:00:00,290.1962393949907
2010-08-31 18:00:00,203.46498129044767
2010-09-01 18:00:00,83.18641064928363
2010-09-02 18:00:00,93.55823950173976
2010-09-03 18:00:00,96.6018589002565
2010-09-04 00:00:00,41.76084784188538
2010-09-04 06:00:00,-5.43533691366963
2010-09-04 18:00:00,73.98441935979804
2010-09-05 06:00:00,68.74909647184325
2010-09-05 12:00:00,132.12376930159633
2010-09-05 18:00:00,210.19542637986797
2010-09-06 00:00:00,305.8774556952304
2010-09-06 06:00:00,983.1590459508794
2010-09-06 12:00:00,860.9603120343561
2010-09-06 18:00:00,428.35288239437307
2010-09-07 00:00:00,395.8093693498872
2010-09-07 06:00:00,985.0474189642439
2010-09-07 12:00:00,1885.861330143461
2010-09-07 18:00:00,769.8259662332828
2010-09-08 00:00:00,439.49374848943853
2010-09-08 06:00:00,718.0363254628135
2010-09-08 12:00:00,1659.983894733546
2010-09-08 18:00:00,758.9953728711288
2010-09-09 18:00:00,4.894252091526255
2010-09-10 00:00:00,66.02297039871371
2010-09-11 12:00:00,23.2923943926495
2010-09-11 18:00:00,436.7033876786703
2010-09-12 00:00:00,760.6833773875671
2010-09-12 06:00:00,1052.7590117822115
2010-09-12 12:00:00,1892.1916809348704
2010-09-12 18:00:00,1694.8722290512187
2010-09-13 00:00:00,1502.348085343428
2010-09-13 06:00:00,1236.0828065720905
2010-09-13 12:00:00,390.48761818800097
2010-09-13 18:00:00,431.2432952448721
2010-09-14 00:00:00,559.4477994374208
2010-09-14 06:00:00,467.67651645967425
2010-09-14 18:00:00,22.685721466344148
2010-09-16 00:00:00,304.7499917878639
2010-09-16 06:00:00,300.04604482518914
2010-09-16 18:00:00,270.7877013659104
2010-09-17 00:00:00,495.122649054623
2010-09-17 06:00:00,537.5268835015622
2010-09-17 12:00:00,762.4779847596355
2010-09-17 18:00:00,854.9355566530758
2010-09-18 00:00:00,817.3147094769887
2010-09-18 06:00:00,784.0474528919768
2010-09-18 12:00:00,603.6497274865906
2010-09-18 18:00:00,295.7830237571227
2010-09-19 00:00:00,511.8755134663899
2010-09-19 06:00:00,321.53530364781795
2010-09-20 00:00:00,299.27875869789807
2010-09-20 06:00:00,270.56596136198664
2010-09-20 12:00:00,58.97354355781397
2010-09-21 00:00:00,70.6737132483031
2010-09-21 06:00:00,42.195452801747024
2010-09-21 18:00:00,103.82134430634017
2010-09-23 06:00:00,232.15432838761888
2010-09-23 12:00:00,545.72762871076
2010-09-23 18:00:00,728.5359692124923
2010-09-24 00:00:00,540.6781984478775
2010-09-24 06:00:00,319.26472484161854
2010-09-24 12:00:00,424.8686416125646
2010-09-24 18:00:00,190.05701624220535
2010-09-25 00:00:00,99.3358524468182
2010-09-25 06:00:00,93.61128584564415
2010-09-25 12:00:00,527.0608467150917
2010-09-25 18:00:00,585.7361549194717
2010-09-26 00:00:00,571.0602439018465
2010-09-26 06:00:00,549.4121778148801
2010-09-26 12:00:00,115.85507307036312
2010-09-26 18:00:00,209.1474956944337
2010-09-27 00:00:00,170.47746488086477
2010-09-27 06:00:00,102.36657063914527
2010-09-27 18:00:00,-4.9270277553574715
2010-09-28 00:00:00,48.19086802347738
2010-09-28 18:00:00,213.38944049480983
2010-09-29 06:00:00,148.74639232669017
2010-09-29 18:00:00,200.57647742382392
2010-09-30 00:00:00,63.202911840241654
2010-09-30 06:00:00,17.833648060579094
2010-09-30 18:00:00,145.09731011329268
2010-10-01 00:00:00,533.5372642778206
2010-10-01 06:00:00,790.9930851327582
2010-10-01 12:00:00,1788.8477118092724
2010-10-01 18:00:00,1155.036770670024
2010-10-02 00:00:00,810.6868649305887
2010-10-02 06:00:00,896.1596813912743
2010-10-02 12:00:00,1410.5283080216523
2010-10-02 18:00:00,1572.1228969821072
2010-10-03 00:00:00,1888.914855614553
2010-10-03 06:00:00,1997.838130545962
2010-10-03 12:00:00,1157.38211992957
2010-10-03 18:00:00,1349.2286970822204
2010-10-04 00:00:00,1238.7276954841568
2010-10-04 06:00:00,735.4747676377885
2010-10-04 12:00:00,860.1954884157437
2010-10-04 18:00:00,1020.7750784662892
2010-10-05 00:00:00,852.0120916776981
2010-10-05 06:00:00,1093.0995482900441
2010-10-05 12:00:00,1531.4201779121859
2010-10-05 18:00:00,1209.6828852599351
2010-10-06 00:00:00,534.4316227709937
2010-10-06 18:00:00,103.26861583398681
2010-10-07 00:00:00,107.88087856131142
2010-10-07 06:00:00,186.91110821902214
2010-10-07 12:00:00,559.7401709761984
2010-10-07 18:00:00,708.3530859831945
2010-10-08 00:00:00,1220.9306454701061
2010-10-08 06:00:00,1499.384033070478
2010-10-08 12:00:00,1603.9604708091692
2010-10-08 18:00:00,1044.8822197255415
2010-10-09 00:00:00,660.7960510342945
2010-10-09 06:00:00,505.0447117500543
2010-10-09 12:00:00,271.33472430851623
2010-10-10 18:00:00,139.58712316527487
2010-10-11 06:00:00,134.94015639298436
2010-10-11 12:00:00,737.9389149110888
2010-10-11 18:00:00,485.46945931286814
2010-10-12 00:00:00,230.1330332580336
2010-10-12 06:00:00,266.302185222744
2010-10-12 12:00:00,414.539322374276
2010-10-12 18:00:00,598.3144701401895
2010-10-13 00:00:00,386.09561342393624
2010-10-13 06:00:00,237.15792066866027
2010-10-13 12:00:00,424.6942254261771
2010-10-13 18:00:00,240.8894645877757
2010-10-14 00:00:00,406.1580047030551
2010-10-14 06:00:00,457.2505625591009
2010-10-14 12:00:00,634.6189310170207
2010-10-14 18:00:00,532.4947988582701
2010-10-15 00:00:00,697.5136659553041
2010-10-15 06:00:00,591.9195731186552
2010-10-15 12:00:00,656.0464200725633
2010-10-15 18:00:00,716.4242586184056
2010-10-16 00:00:00,766.1434079967839
2010-10-16 06:00:00,655.0734126369598
2010-10-16 12:00:00,621.760471273406
2010-10-16 18:00:00,664.7433390515314
2010-10-17 00:00:00,835.1451209362094
2010-10-17 06:00:00,664.6439671501045
2010-10-17 12:00:00,922.5083532896732
2010-10-17 18:00:00,1058.0323900535107
2010-10-18 00:00:00,1158.7625002362322
2010-10-18 06:00:00,823.4799575654191
2010-10-18 12:00:00,766.4868410917558
2010-10-18 18:00:00,612.7768850191874
2010-10-19 00:00:00,716.1737701016505
2010-10-19 06:00:00,506.4925612493756
2010-10-19 12:00:00,84.42720538602225
2010-10-19 18:00:00,208.85464462293874
2010-10-20 00:00:00,523.0283849464877
2010-10-20 06:00:00,444.98544835617633
2010-10-20 12:00:00,224.57537780037876
2010-10-20 18:00:00,293.2881238779953
2010-10-21 00:00:00,565.7563373887997
2010-10-21 06:00:00,465.1444960479852
2010-10-23 12:00:00,207.1432606230187
2010-10-23 18:00:00,405.02288911000767
2010-10-24 00:00:00,520.266261738613
2010-10-24 06:00:00,884.6053044294024
2010-10-24 12:00:00,908.370803123662
2010-10-24 18:00:00,101.47930562744057
2010-10-25 00:00:00,93.00517476887342
2010-10-25 06:00:00,366.4172413105281
2010-10-25 12:00:00,730.17464273264
2010-10-25 18:00:00,263.27006554431694
2010-10-26 00:00:00,213.57595191398912
2010-10-26 06:00:00,146.51633910342537
2010-10-26 18:00:00,10.42327893220397
2010-10-27 12:00:00,37.34481285921822
2010-10-28 18:00:00,414.946411295903
2010-10-29 00:00:00,1193.9548092841098
2010-10-29 06:00:00,1667.9045972391966
2010-10-29 12:00:00,934.4493058531874
2010-10-29 18:00:00,977.3002250374849
2010-10-30 00:00:00,863.4491489777854
2010-10-30 06:00:00,1764.2536987583335
2010-10-30 12:00:00,1950.1418118273266
2010-10-30 18:00:00,1827.4632177312055
2010-10-31 00:00:00,1074.5213967643685
2010-10-31 06:00:00,1041.4492661465067
2010-10-31 12:00:00,1501.8184009401862
2010-10-31 18:00:00,1275.356266252209
2010-11-01 00:00:00,1028.2768745690953
2010-11-01 06:00:00,663.5932450094851
2010-11-01 12:00:00,306.7812068680986
2010-11-01 18:00:00,119.45963663235057
2010-11-02 06:00:00,75.27325316099018
2010-11-02 12:00:00,162.00718603133885
2010-11-02 18:00:00,134.5281280131776
2010-11-03 00:00:00,128.8169690347096
2010-11-03 06:00:00,101.72517260580628
2010-11-05 06:00:00,456.2491774405679
2010-11-06 18:00:00,135.73756513384512
2010-11-07 00:00:00,105.93318864080936
2010-11-07 06:00:00,423.6002911934978
2010-11-07 12:00:00,235.29846908196225
2010-11-07 18:00:00,301.42423020610374
2010-11-08 00:00:00,1489.8843722604513
2010-11-08 06:00:00,2175.664659508121
2010-11-08 12:00:00,1609.1083471419697
2010-11-08 18:00:00,1666.739843779756
2010-11-09 00:00:00,1733.647061947992
2010-11-09 06:00:00,1535.5657050751897
2010-11-09 12:00:00,1481.252391677176
2010-11-09 18:00:00,1257.061474422732
2010-11-10 00:00:00,832.760630420534
2010-11-10 06:00:00,473.2086086616019
2010-11-10 12:00:00,559.2352934202606
2010-11-10 18:00:00,260.8520115843579
2010-11-11 00:00:00,835.365265142721
2010-11-11 06:00:00,1694.8788448834648
2010-11-11 12:00:00,2311.505540687492
2010-11-11 18:00:00,2175.5616434234194
2010-11-12 00:00:00,2121.557785946646
2010-11-12 06:00:00,1720.0280601340455
2010-11-12 12:00:00,2051.3569785261125
2010-11-12 18:00:00,1823.4061420744797
2010-11-13 00:00:00,1667.134834148349
2010-11-13 06:00:00,1644.4732107778423
2010-11-13 12:00:00,2022.156946701903
2010-11-13 18:00:00,1938.2509037992381
2010-11-14 00:00:00,1122.2240316418593
2010-11-14 06:00:00,1004.52111368826
2010-11-14 12:00:00,1661.3269529279478
2010-11-14 18:00:00,865.634824751307
2010-11-15 00:00:00,1671.8802089948458
2010-11-15 06:00:00,869.7850948511618
2010-11-15 12:00:00,1840.4338968957968
2010-11-15 18:00:00,275.83709895464995
2010-11-16 06:00:00,265.7770875135403
2010-11-16 12:00:00,782.9077061335074
2010-11-16 18:00:00,1343.7865152680827
2010-11-17 00:00:00,1559.3128299913187
2010-11-17 06:00:00,1170.917673264693
2010-11-17 12:00:00,1393.1668704155998
2010-11-17 18:00:00,1344.5293349510887
2010-11-18 00:00:00,841.9793068798178
2010-11-18 06:00:00,391.66706893259754
2010-11-18 12:00:00,1053.6077333702526
2010-11-18 18:00:00,547.8253196016599
2010-11-19 00:00:00,501.16878350558034
2010-11-19 06:00:00,538.1372548211516
2010-11-19 12:00:00,1376.3563422585385
2010-11-19 18:00:00,1481.032964373949
2010-11-20 00:00:00,2022.2225946593753
2010-11-20 06:00:00,1918.2964020418774
2010-11-20 12:00:00,2101.230691454051
2010-11-20 18:00:00,1748.9223782854524
2010-11-21 00:00:00,1048.7171179730585
2010-11-21 06:00:00,443.63237255118213
2010-11-21 12:00:00,506.620231940131
2010-11-22 00:00:00,140.4845275953585
2010-11-23 12:00:00,205.82274278051807
2010-11-23 18:00:00,167.0666380335989
2010-11-24 00:00:00,334.2322621992688
2010-11-24 06:00:00,234.46443594926416
2010-11-24 12:00:00,244.7010696386999
2010-11-24 18:00:00,24.693897548200425
2010-11-25 06:00:00,38.96548103168243
2010-11-25 12:00:00,265.93343941617684
2010-11-25 18:00:00,148.4688024868857
2010-11-26 00:00:00,429.3663822962991
2010-11-26 06:00:00,555.1969262039449
2010-11-26 12:00:00,218.78961661930862
2010-11-27 00:00:00,115.89558950268497
2010-11-27 18:00:00,35.028218469683566
2010-11-28 00:00:00,31.758685411315696
2010-11-28 18:00:00,105.10579357810263
2010-11-29 00:00:00,250.17231294913393
2010-11-29 06:00:00,164.96405940510488
2010-11-29 12:00:00,846.0761554768001
2010-11-29 18:00:00,887.9884599510817
2010-11-30 00:00:00,906.5872267918378
2010-11-30 06:00:00,898.9888527841872
2010-11-30 12:00:00,833.5880963567569
2010-11-30 18:00:00,782.3278622698992
2010-12-01 06:00:00,380.97963365816906
2010-12-01 12:00:00,125.31986647236204
2010-12-02 00:00:00,244.8953331221885
2010-12-02 06:00:00,148.90773898294424
2010-12-02 12:00:00,694.5219498978855
2010-12-02 18:00:00,97.62347458937143
2010-12-03 00:00:00,180.53674033402092
2010-12-03 06:00:00,157.3948830202637
2010-12-03 18:00:00,393.12473221677544
2010-12-04 00:00:00,502.30594134281057
2010-12-04 06:00:00,536.7119386358423
2010-12-04 12:00:00,673.0786655978329
2010-12-04 18:00:00,653.5565188719122
2010-12-05 00:00:00,1200.5417413691093
2010-12-05 06:00:00,1551.4456756542213
2010-12-05 12:00:00,1484.3899984707286
2010-12-05 18:00:00,1277.5513089113306
2010-12-06 00:00:00,1091.1769540113137
2010-12-06 06:00:00,1453.2239241644072
2010-12-06 12:00:00,1500.5848695139894
2010-12-06 18:00:00,733.5972788451062
2010-12-07 00:00:00,665.5430784146686
2010-12-07 06:00:00,1131.7284794905786
2010-12-07 12:00:00,613.184657169896
2010-12-08 00:00:00,233.76576229921295
2010-12-08 06:00:00,168.20532076316385
2010-12-08 12:00:00,257.4352013017507
2010-12-08 18:00:00,1212.08278006146
2010-12-09 00:00:00,1843.2950492155824
2010-12-09 06:00:00,2386.2090364733904
2010-12-09 12:00:00,2442.616513101764
2010-12-09 18:00:00,2471.8311590015805
2010-12-10 00:00:00,1832.9624042024138
2010-12-10 06:00:00,1495.5182283269642
2010-12-10 12:00:00,777.0535569333226
2010-12-10 18:00:00,778.6101861453678
2010-12-11 00:00:00,987.2033669035851
2010-12-11 06:00:00,733.702483672713
2010-12-11 12:00:00,237.1441733248024
2010-12-12 00:00:00,177.65731171735342
2010-12-12 06:00:00,224.08761639042905
2010-12-12 12:00:00,56.38964117180262
2010-12-13 18:00:00,200.40092486030244
2010-12-14 00:00:00,588.3351605439265
2010-12-14 06:00:00,844.697280225902
2010-12-14 12:00:00,913.8317093886623
2010-12-14 18:00:00,1159.6060014692262
2010-12-15 00:00:00,1504.8492230168597
2010-12-15 06:00:00,1708.8630023066817
2010-12-15 12:00:00,1656.188973562409
2010-12-15 18:00:00,1482.5135867160209
2010-12-16 00:00:00,1593.554529082186
2010-12-16 06:00:00,788.3304318958445
2010-12-16 12:00:00,286.98912823216824
2010-12-17 00:00:00,101.1096362734246
2010-12-17 06:00:00,211.6002667329285
2010-12-17 12:00:00,193.51108515435521
2010-12-18 12:00:00,-52.462097191250336
2010-12-19 00:00:00,165.58850910342892
2010-12-19 06:00:00,386.86165319288807
2010-12-19 12:00:00,963.9318575270454
2010-12-19 18:00:00,1647.5925970999
2010-12-20 00:00:00,1589.3389266834433
2010-12-20 06:00:00,1308.436581038276
2010-12-20 12:00:00,1229.862958804314
2010-12-20 18:00:00,147.0766597673013
2010-12-21 00:00:00,102.86794934631644
2010-12-21 06:00:00,179.96014706842732
2010-12-21 12:00:00,442.8282430938359
2010-12-21 18:00:00,486.66707727824047
2010-12-22 00:00:00,955.4961922911699
2010-12-22 06:00:00,857.5944636039192
2010-12-22 12:00:00,1218.1863081323097
2010-12-22 18:00:00,1269.3150933711597
2010-12-23 00:00:00,929.7898123556856
2010-12-23 06:00:00,492.08623491217986
2010-12-23 12:00:00,389.4149076010691
2010-12-23 18:00:00,109.56883234789939
2010-12-24 00:00:00,30.19531259751477
2010-12-24 18:00:00,278.7760059831452
2010-12-25 00:00:00,426.26949680416215
2010-12-25 06:00:00,866.8587944823516
2010-12-25 12:00:00,1020.1270439612983
2010-12-25 18:00:00,910.5641103357411
2010-12-26 00:00:00,534.1923201394943
2010-12-26 06:00:00,462.95684317386406
2010-12-26 12:00:00,466.20570590774054
2010-12-26 18:00:00,263.6034866715545
2010-12-27 00:00:00,536.121909897074
2010-12-27 06:00:00,795.1449372472396
2010-12-27 12:00:00,1238.7157893492479
2010-12-27 18:00:00,1168.6561788966383
2010-12-28 00:00:00,926.1373348000316
2010-12-28 06:00:00,491.6371152602475
2010-12-28 12:00:00,470.4033293319941
2010-12-28 18:00:00,637.3491360013995
2010-12-29 00:00:00,971.1577523831252
2010-12-29 06:00:00,1005.3340956964164
2010-12-29 12:00:00,641.8939185816942
2010-12-29 18:00:00,770.0210775532493
2010-12-30 00:00:00,620.6126372890126
2010-12-30 06:00:00,698.6959818122789
2010-12-30 12:00:00,616.6846681080058
2010-12-30 18:00:00,320.20702881349223
2010-12-31 00:00:00,277.425949815599
2010-12-31 06:00:00,258.9835610670757
2010-12-31 12:00:00,27.932054169203298
2010-12-31 18:00:00,-72.95763058965156
